﻿Designator,Footprint,Quantity,Value,LCSC Part #
"C201, C202, C203, C302, C501, C601, C701",C_0805,7,1uF,C28323
C401,C_0805,1,22uF,C45783
C402,C_0805,1,10uF,C15850
D201,D_SOD-123FL,1,SM4007PL,C64898
J201,AMASS_XT60-M,1,XT60-M,
J202,"TerminalBlock_Phoenix_MKDS-1,5-2-5.08_1x02_P5.08mm_Horizontal",1,5.08mm Screw Terminal,
"J203, J204, J205",PinHeader_1x03_P2.54mm_Vertical,3,Conn_01x03,
"J206, J501, J601, J701",PinHeader_1x04_P2.54mm_Vertical,4,Conn_01x04,
"J301, J302",PinHeader_1x15_P2.54mm_Vertical,2,Conn_01x15,
Q201,Q_SOT-23,1,AO3400A,C20917
Q401,Q_SOT-23,1,AO3401A,C15127
"R301, R302",R_0805,2,4.7kΩ,C17673
R401,R_0805,1,10kΩ,C17414
U401,SOT-223-3_L6.5-W3.4-P2.30-LS7.0-BR,1,AMS1117,C6186
